deprel,n_arcs,mean_distance,median_distance,p90_distance,max_distance,pct_adjacent_dist_1,pct_short_le_2,pct_medium_3_5,pct_long_ge_6,pct_crossing_arc,pct_right_dependent
amod,7457,1.3423628805149523,1.0,2.0,50.0,84.92691430870323,93.28148048813195,5.404318090384874,1.31420142148317,0.17433284162531848,66.52809440793885
case,19157,1.7190583076682153,2.0,2.0,18.0,40.97718849506708,90.42647596178942,9.328182909641384,0.2453411285691914,0.16704076838753457,0.882184058046667
nsubj,8143,4.09480535429203,2.0,10.0,56.0,29.448606164804126,53.29731057349871,25.678496868475992,21.024192558025298,1.5473412747144788,15.804985877440746
obj,5912,2.5346752368064953,2.0,4.0,44.0,29.786874154262517,69.85791610284167,23.596075778078486,6.546008119079838,1.1502029769959403,82.34100135317998
