deprel,n_arcs,mean_distance,median_distance,p90_distance,max_distance,pct_adjacent_dist_1,pct_short_le_2,pct_medium_3_5,pct_long_ge_6,pct_crossing_arc,pct_right_dependent
amod,115952,1.3003311715192494,1.0,2.0,68,85.84672968124741,93.98457982613495,4.85718228232372,1.1582378915413274,0.13453842969504623,63.039878570442944
case,303772,1.7216135786050064,2.0,2.0,39,40.35724161542209,90.61434233569913,9.141395520324453,0.24426214397640336,0.12015590640348682,0.6718854930671688
nsubj,125939,4.032674548789493,2.0,9.0,364,29.314191791264026,52.98120518663798,26.249215890232573,20.76957892312945,1.4840518028569387,15.285971779988724
obj,85527,2.5485753037052628,2.0,4.0,85,27.006676254282276,68.77126521449367,24.82023220737311,6.408502578133221,0.8956236042419352,84.14068072070808
