deprel,n_language_pairs,rho_micro_index,rho_macro,rho_micro_matched_loo,rho_micro_matched_loo_ci_low,rho_micro_matched_loo_ci_high,delta_loo_minus_index,delta_ci_low,delta_ci_high,p_delta_greater_than_zero,p_delta_two_sided,p_matched_loo_greater_than_zero
nsubj,21,0.1716224285714286,0.4119214761904762,0.49984976190476194,0.4579622059523809,0.5536066178571429,0.32822733333333337,0.2772542809523809,0.3766361059523809,9.999000099990002e-05,9.999000099990002e-05,9.999000099990002e-05
obj,21,0.1280037619047619,0.3516482857142857,0.5714071428571429,0.5159925154761905,0.6270848154761904,0.443403380952381,0.370604294047619,0.5058274666666667,9.999000099990002e-05,9.999000099990002e-05,9.999000099990002e-05
case,21,0.06650228571428572,0.15817519047619044,0.3208472857142857,0.25846173809523804,0.3965685583333334,0.25434500000000004,0.19844147023809522,0.3111318571428572,9.999000099990002e-05,9.999000099990002e-05,9.999000099990002e-05
amod,21,0.08971871428571429,0.2913753333333333,0.490581380952381,0.42387931666666673,0.5568141928571428,0.40086266666666664,0.3188876476190476,0.4775682428571428,9.999000099990002e-05,9.999000099990002e-05,9.999000099990002e-05
